"Date_Key","Msisdn","Sessiontime_sec","User_Type","Gross_Price","Discount_Promo_code","Subscribe","Final_Price"
"2026-09-30 00:32:28","01929719741",0,"Free",0,0,0,"0"
"2026-09-30 00:36:52","01947277636",0,"Free",0,0,0,"0"
"2026-09-30 00:06:24","01987333684",0,"Free",0,0,0,"0"
"2026-09-30 00:55:48","01920736265",0,"Free",0,0,0,"0"
"2026-09-30 00:59:56","01984106196",0,"Free",0,0,0,"0"
"2026-09-30 00:41:59","01611119565",0,"Free",0,0,0,"0"
"2026-09-30 00:32:10","01736930844",0,"Free",0,0,0,"0"
"2026-09-30 00:45:52","01917906394",0,"Free",0,0,0,"0"
"2026-09-30 00:52:58","01916777846",0,"Free",0,0,0,"0"
"2026-09-30 00:25:08","01408049980",0,"Free",0,0,0,"0"
"2026-09-30 00:15:40","01914640558",0,"Free",0,0,0,"0"
"2026-09-30 00:45:50","01403690290",0,"Free",0,0,0,"0"
"2026-09-30 00:13:13","01905309123",0,"Free",0,0,0,"0"
"2026-09-30 00:23:09","01410178791",0,"Free",0,0,0,"0"
"2026-09-30 00:24:52","01918494409",0,"Free",0,0,0,"0"
"2026-09-30 00:55:46","01875568963",0,"Free",0,0,0,"0"
"2026-09-30 00:19:54","01411020324",0,"Free",0,0,0,"0"
"2026-09-30 00:51:20","01959252875",0,"Free",0,0,0,"0"
"2026-09-30 00:56:56","01909410517",0,"Free",0,0,0,"0"
"2026-09-30 01:53:30","01936686374",0,"Free",0,0,0,"0"
"2026-09-30 01:41:54","01955871668",0,"Free",0,0,0,"0"
"2026-09-30 01:21:43","01400305609",0,"Free",0,0,0,"0"
"2026-09-30 01:29:34","01406109031",0,"Free",0,0,0,"0"
"2026-09-30 01:20:31","01930782351",0,"Free",0,0,0,"0"
"2026-09-30 01:06:05","01921082205",0,"Free",0,0,0,"0"
"2026-09-30 02:24:42","01402184836",0,"Free",0,0,0,"0"
"2026-09-30 02:39:15","01963352120",0,"Free",0,0,0,"0"
"2026-09-30 02:00:05","01401699218",0,"Free",0,0,0,"0"
"2026-09-30 02:25:33","01411061605",0,"Free",0,0,0,"0"
"2026-09-30 02:02:35","01939124826",0,"Free",0,0,0,"0"
"2026-09-30 02:11:21","01709138549",0,"Free",0,0,0,"0"
"2026-09-30 02:30:32","01930483461",0,"Free",0,0,0,"0"
"2026-09-30 02:21:57","01403908661",0,"Free",0,0,0,"0"
"2026-09-30 02:18:59","01410366184",0,"Free",0,0,0,"0"
"2026-09-30 02:12:55","01915415670",0,"Free",0,0,0,"0"
"2026-09-30 02:19:33","01982177822",0,"Free",0,0,0,"0"
"2026-09-30 02:38:28","01974669254",0,"Free",0,0,0,"0"
"2026-09-30 03:25:36","01929633740",0,"Free",0,0,0,"0"
"2026-09-30 03:57:35","01956243494",0,"Free",0,0,0,"0"
"2026-09-30 03:05:37","01945459419",0,"Free",0,0,0,"0"
"2026-09-30 03:09:54","01404571162",0,"Free",0,0,0,"0"
"2026-09-30 03:03:06","01990509569",0,"Free",0,0,0,"0"
"2026-09-30 04:19:30","01910725653",0,"Free",0,0,0,"0"
"2026-09-30 04:49:18","01943934343",0,"Free",0,0,0,"0"
"2026-09-30 04:06:06","01980736198",0,"Free",0,0,0,"0"
"2026-09-30 04:24:02","01993271432",0,"Free",0,0,0,"0"
"2026-09-30 04:19:27","01962831046",0,"Free",0,0,0,"0"
"2026-09-30 04:00:21","01942830458",0,"Free",0,0,0,"0"
"2026-09-30 04:22:38","01958500226",0,"Free",0,0,0,"0"
"2026-09-30 04:57:13","01967772089",0,"Free",0,0,0,"0"
"2026-09-30 04:42:49","01410765881",0,"Free",0,0,0,"0"
"2026-09-30 04:58:26","01911239863",0,"Free",0,0,0,"0"
"2026-09-30 04:57:11","01913140668",0,"Free",0,0,0,"0"
"2026-09-30 05:44:04","01710807543",0,"Free",0,0,0,"0"
"2026-09-30 05:46:04","01972041350",0,"Free",0,0,0,"0"
"2026-09-30 05:52:33","01918036906",0,"Free",0,0,0,"0"
"2026-09-30 05:11:34","01792058802",0,"Free",0,0,0,"0"
"2026-09-30 05:28:33","01730477142",0,"Free",0,0,0,"0"
"2026-09-30 05:52:32","01918029431",0,"Free",0,0,0,"0"
"2026-09-30 05:33:16","01778721318",0,"Free",0,0,0,"0"
"2026-09-30 05:03:18","01927906356",0,"Free",0,0,0,"0"
"2026-09-30 05:59:28","01954910091",0,"Free",0,0,0,"0"
"2026-09-30 05:53:10","01921035856",0,"Free",0,0,0,"0"
"2026-09-30 06:30:13","01410290762",0,"Free",0,0,0,"0"
"2026-09-30 06:43:52","01942256806",0,"Free",0,0,0,"0"
"2026-09-30 06:29:20","01996745110",0,"Free",0,0,0,"0"
"2026-09-30 06:04:28","01909664670",0,"Free",0,0,0,"0"
"2026-09-30 06:30:30","01959423624",0,"Free",0,0,0,"0"
"2026-09-30 06:55:14","01917550592",0,"Free",0,0,0,"0"
"2026-09-30 06:36:30","01951910597",0,"Free",0,0,0,"0"
"2026-09-30 06:11:07","01410238297",0,"Free",0,0,0,"0"
"2026-09-30 06:15:50","01978437180",0,"Free",0,0,0,"0"
"2026-09-30 06:46:21","01410759745",0,"Free",0,0,0,"0"
"2026-09-30 06:39:15","01612468370",0,"Free",0,0,0,"0"
"2026-09-30 06:18:47","01306660795",0,"Free",0,0,0,"0"
"2026-09-30 07:17:37","01400937813",0,"Free",0,0,0,"0"
"2026-09-30 07:02:27","01706617816",0,"Free",0,0,0,"0"
"2026-09-30 07:20:18","01930871119",0,"Free",0,0,0,"0"
"2026-09-30 07:16:07","01989566017",0,"Free",0,0,0,"0"
"2026-09-30 07:29:22","01979587895",0,"Free",0,0,0,"0"
"2026-09-30 07:06:41","01814163873",0,"Free",0,0,0,"0"
"2026-09-30 07:03:13","01904688794",0,"Free",0,0,0,"0"
"2026-09-30 07:25:10","01919832561",0,"Free",0,0,0,"0"
"2026-09-30 07:40:07","01906975416",0,"Free",0,0,0,"0"
"2026-09-30 07:24:32","01302364667",0,"Free",0,0,0,"0"
"2026-09-30 07:32:09","01951968235",0,"Free",0,0,0,"0"
"2026-09-30 07:35:24","01740637437",0,"Free",0,0,0,"0"
"2026-09-30 07:25:13","01354357104",0,"Free",0,0,0,"0"
"2026-09-30 07:00:07","01410726434",0,"Free",0,0,0,"0"
"2026-09-30 07:46:31","01410171348",0,"Free",0,0,0,"0"
"2026-09-30 08:50:26","01911138689",0,"Free",0,0,0,"0"
"2026-09-30 08:30:09","01410488389",0,"Free",0,0,0,"0"
"2026-09-30 08:00:12","01997240176",0,"Free",0,0,0,"0"
"2026-09-30 08:29:55","01981831135",0,"Free",0,0,0,"0"
"2026-09-30 08:10:13","01960500811",0,"Free",0,0,0,"0"
"2026-09-30 08:28:08","01933225767",0,"Free",0,0,0,"0"
"2026-09-30 08:51:41","01996920534",0,"Free",0,0,0,"0"
"2026-09-30 08:11:32","01987572033",0,"Free",0,0,0,"0"
"2026-09-30 08:14:33","01903084566",0,"Free",0,0,0,"0"
"2026-09-30 08:50:37","01913525034",0,"Free",0,0,0,"0"
"2026-09-30 08:08:44","01320415055",0,"Free",0,0,0,"0"
"2026-09-30 08:31:57","01400557823",0,"Free",0,0,0,"0"
"2026-09-30 08:54:45","01411731239",0,"Free",0,0,0,"0"
"2026-09-30 08:35:41","01998288504",0,"Free",0,0,0,"0"
"2026-09-30 08:27:20","01902636214",0,"Free",0,0,0,"0"
"2026-09-30 09:35:34","01946160905",0,"Free",0,0,0,"0"
"2026-09-30 09:05:10","01866698669",0,"Free",0,0,0,"0"
"2026-09-30 09:31:34","01910474019",0,"Free",0,0,0,"0"
"2026-09-30 09:39:27","01984497584",0,"Free",0,0,0,"0"
"2026-09-30 09:52:47","01987205349",0,"Free",0,0,0,"0"
"2026-09-30 09:20:53","01994984676",0,"Free",0,0,0,"0"
"2026-09-30 09:19:36","01625548308",0,"Free",0,0,0,"0"
"2026-09-30 09:13:40","01920798965",0,"Free",0,0,0,"0"
"2026-09-30 09:08:29","01971825778",0,"Free",0,0,0,"0"
"2026-09-30 09:20:57","01408312438",0,"Free",0,0,0,"0"
"2026-09-30 09:00:34","01974018380",0,"Free",0,0,0,"0"
"2026-09-30 09:55:38","01816064775",0,"Free",0,0,0,"0"
"2026-09-30 09:59:48","01989971571",0,"Free",0,0,0,"0"
"2026-09-30 09:07:41","01916004908",0,"Free",0,0,0,"0"
"2026-09-30 09:10:44","01404947074",0,"Free",0,0,0,"0"
"2026-09-30 09:17:22","01979117079",0,"Free",0,0,0,"0"
"2026-09-30 09:53:09","01972265899",0,"Free",0,0,0,"0"
"2026-09-30 09:30:03","01614312906",0,"Free",0,0,0,"0"
"2026-09-30 10:48:12","01312090380",0,"Free",0,0,0,"0"
"2026-09-30 10:34:18","01410326448",0,"Free",0,0,0,"0"
"2026-09-30 10:58:09","01934379205",0,"Free",0,0,0,"0"
"2026-09-30 10:08:54","01937838975",0,"Free",0,0,0,"0"
"2026-09-30 10:48:51","01404270028",0,"Free",0,0,0,"0"
"2026-09-30 10:05:41","01410146019",0,"Free",0,0,0,"0"
"2026-09-30 10:51:34","01974985713",0,"Free",0,0,0,"0"
"2026-09-30 10:46:53","01960159247",0,"Free",0,0,0,"0"
"2026-09-30 10:26:55","01732210573",0,"Free",0,0,0,"0"
"2026-09-30 10:10:44","01873780097",0,"Free",0,0,0,"0"
"2026-09-30 10:42:57","01411401002",0,"Free",0,0,0,"0"
"2026-09-30 10:22:01","01712273060",0,"Free",0,0,0,"0"
"2026-09-30 10:19:48","01987179122",0,"Free",0,0,0,"0"
"2026-09-30 10:23:29","01993987723",0,"Free",0,0,0,"0"
"2026-09-30 10:52:36","01410756616",0,"Free",0,0,0,"0"
"2026-09-30 10:24:31","01913432562",0,"Free",0,0,0,"0"
"2026-09-30 10:39:12","01918777132",0,"Free",0,0,0,"0"
"2026-09-30 10:48:23","01923189355",0,"Free",0,0,0,"0"
"2026-09-30 11:41:48","01903312199",0,"Free",0,0,0,"0"
"2026-09-30 11:41:26","01933461184",0,"Free",0,0,0,"0"
"2026-09-30 11:25:38","01969114018",0,"Free",0,0,0,"0"
"2026-09-30 11:30:32","01908852160",0,"Free",0,0,0,"0"
"2026-09-30 11:14:52","01817333342",0,"Free",0,0,0,"0"
"2026-09-30 11:22:06","01897602305",0,"Free",0,0,0,"0"
"2026-09-30 11:22:00","01911949593",0,"Free",0,0,0,"0"
"2026-09-30 11:18:03","01410878451",0,"Free",0,0,0,"0"
"2026-09-30 11:57:39","01944382734",0,"Free",0,0,0,"0"
"2026-09-30 11:37:42","01400129817",0,"Free",0,0,0,"0"
"2026-09-30 11:24:45","01913606693",0,"Free",0,0,0,"0"
"2026-09-30 11:13:17","01409900199",0,"Free",0,0,0,"0"
"2026-09-30 11:32:02","01898878291",0,"Free",0,0,0,"0"
"2026-09-30 11:46:36","01935824882",0,"Free",0,0,0,"0"
"2026-09-30 11:59:16","01921385481",0,"Free",0,0,0,"0"
"2026-09-30 11:41:57","01402081615",0,"Free",0,0,0,"0"
"2026-09-30 11:34:53","01347313348",0,"Free",0,0,0,"0"
"2026-09-30 11:24:33","01973964736",0,"Free",0,0,0,"0"
"2026-09-30 11:02:23","01953847893",0,"Free",0,0,0,"0"
"2026-09-30 12:24:38","01991009182",0,"Free",0,0,0,"0"
"2026-09-30 12:13:09","01980537369",0,"Free",0,0,0,"0"
"2026-09-30 12:39:52","01987512517",0,"Free",0,0,0,"0"
"2026-09-30 12:27:01","01947086036",0,"Free",0,0,0,"0"
"2026-09-30 12:49:02","01942714995",0,"Free",0,0,0,"0"
"2026-09-30 12:39:17","01904653597",0,"Free",0,0,0,"0"
"2026-09-30 12:24:14","01907111490",0,"Free",0,0,0,"0"
"2026-09-30 12:49:04","01981307599",0,"Free",0,0,0,"0"
"2026-09-30 12:28:46","01932802654",0,"Free",0,0,0,"0"
"2026-09-30 12:20:40","01974878952",0,"Free",0,0,0,"0"
"2026-09-30 12:52:26","01952503409",0,"Free",0,0,0,"0"
"2026-09-30 12:05:48","01963520908",0,"Free",0,0,0,"0"
"2026-09-30 12:55:29","01929103880",0,"Free",0,0,0,"0"
"2026-09-30 12:42:07","01842809833",0,"Free",0,0,0,"0"
"2026-09-30 12:22:15","01910992131",0,"Free",0,0,0,"0"
"2026-09-30 12:14:00","01979435929",0,"Free",0,0,0,"0"
"2026-09-30 12:59:24","01930454482",0,"Free",0,0,0,"0"
"2026-09-30 12:31:46","01948909543",0,"Free",0,0,0,"0"
"2026-09-30 12:01:03","01958502870",0,"Free",0,0,0,"0"
"2026-09-30 12:40:33","01979075705",0,"Free",0,0,0,"0"
"2026-09-30 12:40:02","01339817885",0,"Free",0,0,0,"0"
"2026-09-30 13:03:24","01739559211",0,"Free",0,0,0,"0"
"2026-09-30 13:55:12","01402825030",0,"Free",0,0,0,"0"
"2026-09-30 13:00:19","01968141533",0,"Free",0,0,0,"0"
"2026-09-30 13:40:58","01407139089",0,"Free",0,0,0,"0"
"2026-09-30 13:30:32","01911565684",0,"Free",0,0,0,"0"
"2026-09-30 13:06:50","01931288244",0,"Free",0,0,0,"0"
"2026-09-30 13:08:12","01946040977",0,"Free",0,0,0,"0"
"2026-09-30 13:15:49","01908194339",0,"Free",0,0,0,"0"
"2026-09-30 13:23:23","01989146376",0,"Free",0,0,0,"0"
"2026-09-30 13:40:32","01908074878",0,"Free",0,0,0,"0"
"2026-09-30 13:57:27","01705281492",0,"Free",0,0,0,"0"
"2026-09-30 13:22:38","01926330924",0,"Free",0,0,0,"0"
"2026-09-30 13:27:17","01986922854",0,"Free",0,0,0,"0"
"2026-09-30 13:37:47","01911811850",0,"Free",0,0,0,"0"
"2026-09-30 13:22:20","01906367351",0,"Free",0,0,0,"0"
"2026-09-30 13:34:28","01411896444",0,"Free",0,0,0,"0"
"2026-09-30 13:44:50","01960277150",0,"Free",0,0,0,"0"
"2026-09-30 13:50:11","01400991872",0,"Free",0,0,0,"0"
"2026-09-30 13:16:41","01407008820",0,"Free",0,0,0,"0"
"2026-09-30 14:04:36","01805452332",0,"Free",0,0,0,"0"
"2026-09-30 14:25:53","01944409187",0,"Free",0,0,0,"0"
"2026-09-30 14:10:26","01998362067",0,"Free",0,0,0,"0"
"2026-09-30 14:12:33","01970167463",0,"Free",0,0,0,"0"
"2026-09-30 14:22:05","01947286885",0,"Free",0,0,0,"0"
"2026-09-30 14:55:24","01928541780",0,"Free",0,0,0,"0"
"2026-09-30 14:58:49","01904129018",0,"Free",0,0,0,"0"
"2026-09-30 14:17:22","01929545972",0,"Free",0,0,0,"0"
"2026-09-30 14:24:16","01833630084",0,"Free",0,0,0,"0"
"2026-09-30 14:55:46","01913518229",0,"Free",0,0,0,"0"
"2026-09-30 14:07:17","01623339068",0,"Free",0,0,0,"0"
"2026-09-30 14:39:04","01957468822",0,"Free",0,0,0,"0"
"2026-09-30 14:25:21","01969609213",0,"Free",0,0,0,"0"
"2026-09-30 14:13:47","01410397339",0,"Free",0,0,0,"0"
"2026-09-30 14:57:32","01410270870",0,"Free",0,0,0,"0"
"2026-09-30 14:38:09","01410176251",0,"Free",0,0,0,"0"
"2026-09-30 14:04:04","01918520738",0,"Free",0,0,0,"0"
"2026-09-30 14:15:36","01907301177",0,"Free",0,0,0,"0"
"2026-09-30 14:25:59","01880686096",0,"Free",0,0,0,"0"
"2026-09-30 14:13:53","01916799705",0,"Free",0,0,0,"0"
"2026-09-30 14:09:52","01410939462",0,"Free",0,0,0,"0"
"2026-09-30 14:07:04","01411060508",0,"Free",0,0,0,"0"
"2026-09-30 15:28:52","01742429015",0,"Free",0,0,0,"0"
"2026-09-30 15:09:37","01933128237",0,"Free",0,0,0,"0"
"2026-09-30 15:20:11","01916859234",0,"Free",0,0,0,"0"
"2026-09-30 15:22:46","01965567215",0,"Free",0,0,0,"0"
"2026-09-30 15:31:29","01911752484",0,"Free",0,0,0,"0"
"2026-09-30 15:55:55","01355024080",0,"Free",0,0,0,"0"
"2026-09-30 15:58:05","01904138427",0,"Free",0,0,0,"0"
"2026-09-30 15:23:53","01947235991",0,"Free",0,0,0,"0"
"2026-09-30 15:46:02","01924506033",0,"Free",0,0,0,"0"
"2026-09-30 15:49:38","01840436357",0,"Free",0,0,0,"0"
"2026-09-30 15:13:50","01921363514",0,"Free",0,0,0,"0"
"2026-09-30 15:37:26","01977820053",0,"Free",0,0,0,"0"
"2026-09-30 15:04:26","01963618676",0,"Free",0,0,0,"0"
"2026-09-30 15:59:13","01972566836",0,"Free",0,0,0,"0"
"2026-09-30 15:33:03","01410498028",0,"Free",0,0,0,"0"
"2026-09-30 15:03:32","01991827698",0,"Free",0,0,0,"0"
"2026-09-30 15:39:38","01909328658",0,"Free",0,0,0,"0"
"2026-09-30 15:57:39","01411999478",0,"Free",0,0,0,"0"
"2026-09-30 15:03:27","01947286548",0,"Free",0,0,0,"0"
"2026-09-30 15:31:56","01988600452",0,"Free",0,0,0,"0"
"2026-09-30 15:09:46","01951626183",0,"Free",0,0,0,"0"
"2026-09-30 15:42:21","01909581654",0,"Free",0,0,0,"0"
"2026-09-30 16:45:42","01937205280",0,"Free",0,0,0,"0"
"2026-09-30 16:32:13","01915755532",0,"Free",0,0,0,"0"
"2026-09-30 16:52:55","01873844164",0,"Free",0,0,0,"0"
"2026-09-30 16:13:01","01996484400",0,"Free",0,0,0,"0"
"2026-09-30 16:09:20","01410446558",0,"Free",0,0,0,"0"
"2026-09-30 16:04:57","01863382428",0,"Free",0,0,0,"0"
"2026-09-30 16:52:04","01987881134",0,"Free",0,0,0,"0"
"2026-09-30 16:35:40","01935487448",0,"Free",0,0,0,"0"
"2026-09-30 16:50:02","01921449411",0,"Free",0,0,0,"0"
"2026-09-30 16:25:45","01411608523",0,"Free",0,0,0,"0"
"2026-09-30 16:25:24","01911251581",0,"Free",0,0,0,"0"
"2026-09-30 16:36:45","01892144425",0,"Free",0,0,0,"0"
"2026-09-30 16:27:04","01879703855",0,"Free",0,0,0,"0"
"2026-09-30 16:41:14","01951754426",0,"Free",0,0,0,"0"
"2026-09-30 16:52:25","01916696902",0,"Free",0,0,0,"0"
"2026-09-30 16:37:05","01916573069",0,"Free",0,0,0,"0"
"2026-09-30 16:32:00","01971596857",0,"Free",0,0,0,"0"
"2026-09-30 16:49:37","01910104913",0,"Free",0,0,0,"0"
"2026-09-30 16:04:06","01914641321",0,"Free",0,0,0,"0"
"2026-09-30 16:21:23","01411897693",0,"Free",0,0,0,"0"
"2026-09-30 16:55:56","01957738758",0,"Free",0,0,0,"0"
"2026-09-30 17:25:54","01978336792",0,"Free",0,0,0,"0"
"2026-09-30 17:28:36","01511414397",0,"Free",0,0,0,"0"
"2026-09-30 17:57:31","01936120153",0,"Free",0,0,0,"0"
"2026-09-30 17:54:39","01776084899",0,"Free",0,0,0,"0"
"2026-09-30 17:09:54","01928188457",0,"Free",0,0,0,"0"
"2026-09-30 17:13:16","01402582215",0,"Free",0,0,0,"0"
"2026-09-30 17:31:24","01912991415",0,"Free",0,0,0,"0"
"2026-09-30 17:02:43","01948068454",0,"Free",0,0,0,"0"
"2026-09-30 17:00:50","01947433390",0,"Free",0,0,0,"0"
"2026-09-30 17:34:40","01932079142",0,"Free",0,0,0,"0"
"2026-09-30 17:13:58","01783613919",0,"Free",0,0,0,"0"
"2026-09-30 17:35:08","01952600069",0,"Free",0,0,0,"0"
"2026-09-30 17:23:04","01941781542",0,"Free",0,0,0,"0"
"2026-09-30 17:07:42","01407580109",0,"Free",0,0,0,"0"
"2026-09-30 17:50:18","01913616659",0,"Free",0,0,0,"0"
"2026-09-30 17:23:52","01981008092",0,"Free",0,0,0,"0"
"2026-09-30 17:25:42","01410035102",0,"Free",0,0,0,"0"
"2026-09-30 17:44:01","01402009330",0,"Free",0,0,0,"0"
"2026-09-30 17:03:01","01405978236",0,"Free",0,0,0,"0"
"2026-09-30 17:11:59","01874333538",0,"Free",0,0,0,"0"
"2026-09-30 17:00:30","01916604894",0,"Free",0,0,0,"0"
"2026-09-30 17:53:03","01960971218",0,"Free",0,0,0,"0"
"2026-09-30 17:04:58","01952161698",0,"Free",0,0,0,"0"
"2026-09-30 17:15:26","01411225040",0,"Free",0,0,0,"0"
"2026-09-30 17:03:29","01410148280",0,"Free",0,0,0,"0"
"2026-09-30 17:42:39","01960578755",0,"Free",0,0,0,"0"
"2026-09-30 17:59:11","01902653380",0,"Free",0,0,0,"0"
"2026-09-30 17:17:32","01882492959",0,"Free",0,0,0,"0"
"2026-09-30 17:26:36","01411693015",0,"Free",0,0,0,"0"
"2026-09-30 17:49:33","01901389505",0,"Free",0,0,0,"0"
"2026-09-30 17:57:35","01920996993",0,"Free",0,0,0,"0"
"2026-09-30 18:22:59","01872249062",0,"Free",0,0,0,"0"
"2026-09-30 18:05:38","01811549524",0,"Free",0,0,0,"0"
"2026-09-30 18:25:20","01904609659",0,"Free",0,0,0,"0"
"2026-09-30 18:01:42","01907945984",0,"Free",0,0,0,"0"
"2026-09-30 18:27:07","01911692637",0,"Free",0,0,0,"0"
"2026-09-30 18:01:41","01985884826",0,"Free",0,0,0,"0"
"2026-09-30 18:00:03","01973484676",0,"Free",0,0,0,"0"
"2026-09-30 18:06:10","01410360186",0,"Free",0,0,0,"0"
"2026-09-30 18:20:40","01410870593",0,"Free",0,0,0,"0"
"2026-09-30 18:02:00","01984820139",0,"Free",0,0,0,"0"
"2026-09-30 18:40:51","01326326226",0,"Free",0,0,0,"0"
"2026-09-30 18:14:33","01942801179",0,"Free",0,0,0,"0"
"2026-09-30 18:34:53","01401299476",0,"Free",0,0,0,"0"
"2026-09-30 18:50:33","01406889650",0,"Free",0,0,0,"0"
"2026-09-30 18:34:11","01950584173",0,"Free",0,0,0,"0"
"2026-09-30 18:04:01","01411056918",0,"Free",0,0,0,"0"
"2026-09-30 18:35:09","01409094659",0,"Free",0,0,0,"0"
"2026-09-30 18:00:06","01910762251",0,"Free",0,0,0,"0"
"2026-09-30 18:09:11","01964786653",0,"Free",0,0,0,"0"
"2026-09-30 18:54:21","01950023370",0,"Free",0,0,0,"0"
"2026-09-30 18:05:49","01411122850",0,"Free",0,0,0,"0"
"2026-09-30 18:35:33","01905931129",0,"Free",0,0,0,"0"
"2026-09-30 18:28:44","01861073958",0,"Free",0,0,0,"0"
"2026-09-30 18:00:33","01708606105",0,"Free",0,0,0,"0"
"2026-09-30 19:15:48","01942912789",0,"Free",0,0,0,"0"
"2026-09-30 19:05:49","01998393046",0,"Free",0,0,0,"0"
"2026-09-30 19:22:47","01408915391",0,"Free",0,0,0,"0"
"2026-09-30 19:23:23","01342364975",0,"Free",0,0,0,"0"
"2026-09-30 19:16:25","01408797602",0,"Free",0,0,0,"0"
"2026-09-30 19:21:28","01924391691",0,"Free",0,0,0,"0"
"2026-09-30 19:15:46","01962695258",0,"Free",0,0,0,"0"
"2026-09-30 19:34:39","01410998279",0,"Free",0,0,0,"0"
"2026-09-30 19:53:40","01974380921",0,"Free",0,0,0,"0"
"2026-09-30 19:59:46","01408526024",0,"Free",0,0,0,"0"
"2026-09-30 19:30:46","01967425785",0,"Free",0,0,0,"0"
"2026-09-30 19:25:22","01331822663",0,"Free",0,0,0,"0"
"2026-09-30 19:55:21","01968016592",0,"Free",0,0,0,"0"
"2026-09-30 19:56:27","01990361074",0,"Free",0,0,0,"0"
"2026-09-30 19:33:45","01913779597",0,"Free",0,0,0,"0"
"2026-09-30 19:38:04","01921730565",0,"Free",0,0,0,"0"
"2026-09-30 19:27:47","01925741223",0,"Free",0,0,0,"0"
"2026-09-30 19:39:50","01935824002",0,"Free",0,0,0,"0"
"2026-09-30 19:54:13","01410787461",0,"Free",0,0,0,"0"
"2026-09-30 19:20:37","01407633374",0,"Free",0,0,0,"0"
"2026-09-30 19:37:38","01407203754",0,"Free",0,0,0,"0"
"2026-09-30 19:26:55","01925890265",0,"Free",0,0,0,"0"
"2026-09-30 19:06:40","01650013010",0,"Free",0,0,0,"0"
"2026-09-30 19:59:55","01984671114",0,"Free",0,0,0,"0"
"2026-09-30 19:29:38","01905745719",0,"Free",0,0,0,"0"
"2026-09-30 19:48:48","01946246094",0,"Free",0,0,0,"0"
"2026-09-30 19:52:18","01965058435",0,"Free",0,0,0,"0"
"2026-09-30 20:41:37","01983227607",0,"Free",0,0,0,"0"
"2026-09-30 20:44:02","01918313882",0,"Free",0,0,0,"0"
"2026-09-30 20:40:18","01954184474",0,"Free",0,0,0,"0"
"2026-09-30 20:30:44","01349631880",0,"Free",0,0,0,"0"
"2026-09-30 20:14:18","01904398656",0,"Free",0,0,0,"0"
"2026-09-30 20:39:43","01951488741",0,"Free",0,0,0,"0"
"2026-09-30 20:05:37","01948341085",0,"Free",0,0,0,"0"
"2026-09-30 20:46:32","01964205865",0,"Free",0,0,0,"0"
"2026-09-30 20:48:24","01411933450",0,"Free",0,0,0,"0"
"2026-09-30 20:20:50","01916823400",0,"Free",0,0,0,"0"
"2026-09-30 20:42:57","01924121045",0,"Free",0,0,0,"0"
"2026-09-30 20:14:45","01960711849",0,"Free",0,0,0,"0"
"2026-09-30 20:17:25","01920517005",0,"Free",0,0,0,"0"
"2026-09-30 20:34:15","01980658006",0,"Free",0,0,0,"0"
"2026-09-30 20:10:22","01972420893",0,"Free",0,0,0,"0"
"2026-09-30 20:40:43","01934625266",0,"Free",0,0,0,"0"
"2026-09-30 20:10:07","01405213885",0,"Free",0,0,0,"0"
"2026-09-30 20:28:29","01404587355",0,"Free",0,0,0,"0"
"2026-09-30 20:21:13","01927121304",0,"Free",0,0,0,"0"
"2026-09-30 20:12:05","01911786722",0,"Free",0,0,0,"0"
"2026-09-30 20:23:00","01960792935",0,"Free",0,0,0,"0"
"2026-09-30 20:44:19","01919753604",0,"Free",0,0,0,"0"
"2026-09-30 20:39:27","01961609396",0,"Free",0,0,0,"0"
"2026-09-30 20:38:08","01973283628",0,"Free",0,0,0,"0"
"2026-09-30 20:01:44","01402042568",0,"Free",0,0,0,"0"
"2026-09-30 20:54:14","01919322131",0,"Free",0,0,0,"0"
"2026-09-30 20:04:10","01913320579",0,"Free",0,0,0,"0"
"2026-09-30 20:03:35","01996106842",0,"Free",0,0,0,"0"
"2026-09-30 21:10:25","01410128278",0,"Free",0,0,0,"0"
"2026-09-30 21:46:25","01621840636",0,"Free",0,0,0,"0"
"2026-09-30 21:47:49","01902991117",0,"Free",0,0,0,"0"
"2026-09-30 21:07:13","01400016076",0,"Free",0,0,0,"0"
"2026-09-30 21:51:40","01929018446",0,"Free",0,0,0,"0"
"2026-09-30 21:43:36","01924808120",0,"Free",0,0,0,"0"
"2026-09-30 21:10:13","01975462745",0,"Free",0,0,0,"0"
"2026-09-30 21:06:10","01973182353",0,"Free",0,0,0,"0"
"2026-09-30 21:51:13","01912736855",0,"Free",0,0,0,"0"
"2026-09-30 21:25:41","01930098056",0,"Free",0,0,0,"0"
"2026-09-30 21:57:37","01407076702",0,"Free",0,0,0,"0"
"2026-09-30 21:45:27","01911961552",0,"Free",0,0,0,"0"
"2026-09-30 21:39:54","01915201395",0,"Free",0,0,0,"0"
"2026-09-30 21:17:15","01911118964",0,"Free",0,0,0,"0"
"2026-09-30 21:17:29","01913311960",0,"Free",0,0,0,"0"
"2026-09-30 21:48:13","01321336936",0,"Free",0,0,0,"0"
"2026-09-30 21:23:16","01942771524",0,"Free",0,0,0,"0"
"2026-09-30 21:39:46","01889821720",0,"Free",0,0,0,"0"
"2026-09-30 21:44:27","01343281093",0,"Free",0,0,0,"0"
"2026-09-30 21:47:18","01411659615",0,"Free",0,0,0,"0"
"2026-09-30 21:40:41","01947278033",0,"Free",0,0,0,"0"
"2026-09-30 21:15:04","01923288370",0,"Free",0,0,0,"0"
"2026-09-30 21:04:50","01322472775",0,"Free",0,0,0,"0"
"2026-09-30 21:39:56","01915756563",0,"Free",0,0,0,"0"
"2026-09-30 21:43:23","01914898715",0,"Free",0,0,0,"0"
"2026-09-30 21:34:57","01963411491",0,"Free",0,0,0,"0"
"2026-09-30 21:34:03","01946418261",0,"Free",0,0,0,"0"
"2026-09-30 21:47:58","01411079864",0,"Free",0,0,0,"0"
"2026-09-30 21:59:48","01718040108",0,"Free",0,0,0,"0"
"2026-09-30 21:38:48","01410854058",0,"Free",0,0,0,"0"
"2026-09-30 21:04:59","01948435354",0,"Free",0,0,0,"0"
"2026-09-30 22:28:18","01410942716",0,"Free",0,0,0,"0"
"2026-09-30 22:55:51","01932985910",0,"Free",0,0,0,"0"
"2026-09-30 22:10:13","01977165377",0,"Free",0,0,0,"0"
"2026-09-30 22:41:00","01411605520",0,"Free",0,0,0,"0"
"2026-09-30 22:33:13","01971997364",0,"Free",0,0,0,"0"
"2026-09-30 22:37:06","01958433385",0,"Free",0,0,0,"0"
"2026-09-30 22:29:18","01972102767",0,"Free",0,0,0,"0"
"2026-09-30 22:23:38","01820969012",0,"Free",0,0,0,"0"
"2026-09-30 22:17:25","01977897661",0,"Free",0,0,0,"0"
"2026-09-30 22:31:10","01985451607",0,"Free",0,0,0,"0"
"2026-09-30 22:05:41","01625456334",0,"Free",0,0,0,"0"
"2026-09-30 22:08:41","01962714344",0,"Free",0,0,0,"0"
"2026-09-30 22:11:56","01964123450",0,"Free",0,0,0,"0"
"2026-09-30 22:01:09","01725471819",0,"Free",0,0,0,"0"
"2026-09-30 22:31:06","01775613187",0,"Free",0,0,0,"0"
"2026-09-30 22:40:51","01911724925",0,"Free",0,0,0,"0"
"2026-09-30 22:25:56","01954754651",0,"Free",0,0,0,"0"
"2026-09-30 22:20:05","01916296720",0,"Free",0,0,0,"0"
"2026-09-30 22:23:45","01780486122",0,"Free",0,0,0,"0"
"2026-09-30 22:42:15","01935343682",0,"Free",0,0,0,"0"
"2026-09-30 22:52:37","01987905683",0,"Free",0,0,0,"0"
"2026-09-30 22:12:56","01405941611",0,"Free",0,0,0,"0"
"2026-09-30 22:28:37","01954525763",0,"Free",0,0,0,"0"
"2026-09-30 22:29:15","01975457188",0,"Free",0,0,0,"0"
"2026-09-30 22:55:35","01823108666",0,"Free",0,0,0,"0"
"2026-09-30 22:14:48","01964203446",0,"Free",0,0,0,"0"
"2026-09-30 22:35:03","01965761828",0,"Free",0,0,0,"0"
"2026-09-30 23:32:55","01409509339",0,"Free",0,0,0,"0"
"2026-09-30 23:12:17","01919827499",0,"Free",0,0,0,"0"
"2026-09-30 23:24:29","01408174227",0,"Free",0,0,0,"0"
"2026-09-30 23:13:25","01968007434",0,"Free",0,0,0,"0"
"2026-09-30 23:54:05","01402589434",0,"Free",0,0,0,"0"
"2026-09-30 23:09:33","01401436783",0,"Free",0,0,0,"0"
"2026-09-30 23:23:21","01911338052",0,"Free",0,0,0,"0"
"2026-09-30 23:36:27","01411279893",0,"Free",0,0,0,"0"
"2026-09-30 23:03:53","01914194781",0,"Free",0,0,0,"0"
"2026-09-30 23:58:42","01776970234",0,"Free",0,0,0,"0"
"2026-09-30 23:10:30","01405890339",0,"Free",0,0,0,"0"
"2026-09-30 23:20:45","01922144390",0,"Free",0,0,0,"0"
"2026-09-30 23:10:58","01881056737",0,"Free",0,0,0,"0"
"2026-09-30 23:01:19","01997790765",0,"Free",0,0,0,"0"
"2026-09-30 23:43:01","01894264370",0,"Free",0,0,0,"0"
"2026-09-30 23:26:06","01411984694",0,"Free",0,0,0,"0"
"2026-09-30 23:57:33","01906569329",0,"Free",0,0,0,"0"
"2026-09-30 23:39:19","01929755000",0,"Free",0,0,0,"0"
"2026-09-30 23:29:04","01400588424",0,"Free",0,0,0,"0"
"2026-09-30 23:19:56","01978629847",0,"Free",0,0,0,"0"
"2026-09-30 23:11:55","01984710745",0,"Free",0,0,0,"0"
"2026-09-30 23:44:18","01986343616",0,"Free",0,0,0,"0"
"2026-09-30 23:26:37","01979806707",0,"Free",0,0,0,"0"
"2026-09-30 23:08:43","01826419257",0,"Free",0,0,0,"0"
"2026-09-30 23:21:57","01832605372",0,"Free",0,0,0,"0"
"2026-09-30 23:24:25","01925449679",0,"Free",0,0,0,"0"
"2026-09-30 23:41:55","01948172919",0,"Free",0,0,0,"0"